INITIALS,REGION,FULL NAME,TOP,JNG,MID,ADC,SUP,Leaguepedia,Official Site,Twitter,Facebook,Youtube,Subreddit
EDG,1,EDWARD GAMING,Mouse,ClearLove,Scout,Deft,Meiko,http://lol.esportswikis.com/wiki/Edward_Gaming,http://t.qq.com/EDGdianzijingji,,,,
GMT,1,GAME TALENTS,GimGoon,WuShuang,Republic,PentaQ,Savoki,http://lol.esportswikis.com/wiki/Game_Talents,http://weibo.com/u/5925822583,,http://www.facebook.com/ephklol,,
ST,1,SAINT GAMING,Acorn,march / chimin,Snoopy / Otto,xQ / styz,x1u / Maidong,http://lol.esportswikis.com/wiki/Saint_Gaming,http://www.weibo.com/u/5934583848?refer_flag=1005050010_&is_all=1,,,,
IG,1,INVICTUS GAMING,Zzitai,Kid,RooKie,Rain,Tabe,http://lol.esportswikis.com/wiki/Invictus_Gaming,http://www.igaming.com.cn/index.php,http://twitter.com/#!/invgaming,https://www.facebook.com/InvictusGaming.Official,,
LGD,1,LGD GAMING,MaRin,Eimy / 1ntruder,Punished / We1less,imp,Yu / pyl,http://lol.esportswikis.com/wiki/LGD_Gaming,http://www.lgdgaming.com,https://twitter.com/lgdgaming,http://www.facebook.com/lgdgaming,,
IMAY,1,I MAY,AmazingJ,Avoidless / Mitty,Athena / BaeMe,Jinjiao,Road,http://lol.esportswikis.com/wiki/I_May,http://www.weibo.com/5926660141/about,,,,
OMG,1,OMG,xiyang,World6 / LoveLing / juejue,Cool / icon,S1mLz,5,http://lol.esportswikis.com/wiki/OMG,http://www.omgteam.net/,http://twitter.com/#!/OMGe_Sports,https://www.facebook.com/omgesportsteam,https://www.youtube.com/channel/UCHdhCnxEQQ6csOkH0Xx6u_g,
NB,1,NEWBEE,V,Swift,dade,HappyY,MorZB,http://lol.esportswikis.com/wiki/Newbee,,http://twitter.com/#!/NewbeeCN,https://www.facebook.com/NewbeeCN,,
RNG,1,ROYAL NEVER GIVE UP,Looper,Mlxg,xiaohu,Uzi,Mata,http://lol.esportswikis.com/wiki/Royal_Never_Give_Up,,,,,
SS,1,SNAKE ESPORTS,Flandre,SofM,TANK,Martin,Jiezou,http://lol.esportswikis.com/wiki/Snake_Esports,,http://twitter.com/#!/SnakeEsportsLOL,,,
VG,1,VICI GAMING,Loong,DanDy,Easyhoon,Endless / XuanXuanPi,caveMan,http://lol.esportswikis.com/wiki/Vici_Stand_Gaming,http://www.vicigaming.org/,http://twitter.com/#!/ViCi_Gaming,https://www.facebook.com/TeamViCiGaming,,
WE,1,TEAM WE,957,Condi,xiye,Mystic,Zero,http://lol.esportswikis.com/wiki/Team_WE,http://www.teamwe.com/,http://twitter.com/#!/TeamWE,https://www.facebook.com/pages/Team-World-Elite/118428866229,,
AF,2,AFREECA FREECS,ikssu / Lindarang,LirA,Mickey,Sangyoon,SnowFlower,http://lol.esportswikis.com/wiki/Afreeca_Freecs,,https://twitter.com/Freecs_LoL,https://www.facebook.com/AfreecaFreecs/,,
CJE,2,CJ ENTUS,Untara / Shy,Haru / Bubbling,Bdd / Sky,Kramer,MadLife,http://lol.esportswikis.com/wiki/CJ_Entus,http://www.cjentus.com/,http://twitter.com/#!/ENTUS_Progaming,https://www.facebook.com/entus.progaming,,
ESC,2,ESC EVER,Crazy,Bless,Tempt,Loken,Key / Totoro,http://lol.esportswikis.com/wiki/ESC_Ever,http://esportsconnected.com/,http://twitter.com/#!/espconnected,https://www.facebook.com/escever,,
JAG,2,JIN AIR GREENWINGS,TrAce,Winged,Blanc / Kuzan,Pilot,Chei / Sweet,http://lol.esportswikis.com/wiki/Jin_Air_Green_Wings,http://greenwings.jinair.com/,https://twitter.com/JinAirGW,http://www.facebook.com/JinGreenWings,,
KTR,2,KT ROLSTER,Ssumday,Score,Fly,Arrow,Hachani,http://lol.esportswikis.com/wiki/KT_Rolster,http://sports.kt.com/,http://twitter.com/#!/KTRolster_tw,http://www.facebook.com/ktesports,,
LZ,2,LONGZHU GAMING,Expession / Flame,Chaser / Crash,CoCo / Frozen,Fury / Emperor,Pure,http://lol.esportswikis.com/wiki/Longzhu_Gaming,http://team-im.com/,https://twitter.com/Longzhu_,http://www.facebook.com/IMteam,,
ROX,2,ROX TIGERS,Smeb,Peanut,Kuro / Cry,PraY,GorillA,http://lol.esportswikis.com/wiki/ROX_Tigers,,https://twitter.com/LOL_Tigers,https://www.facebook.com/TigersLOL/,https://www.youtube.com/channel/UCdKARw3laPXg1FXbFSRcDXQ,
SKT,2,SK TELECOM T1,Duke,Bengi / Blank,Faker,Bang,Wolf,http://lol.esportswikis.com/wiki/SK_Telecom_T1_K,http://www.sksports.net/T1/main.asp,http://twitter.com/#!/sktelecom_t1,https://www.facebook.com/SKTelecomT1K,https://www.youtube.com/channel/UC-ykCcSlF5SrD59HgDaPa6w,
MVP,2,MVP,ADD,Beyond,Ian,MaHa,Max,http://lol.esportswikis.com/wiki/MVP,http://www.mvpzine.com/,https://twitter.com/TeamMVPLOL,https://www.facebook.com/MVPSC2?ref=profile,,
SSG,2,SAMSUNG GALAXY,Cuvee,Ambition,Crown,Ruler,Wraith / CoreJJ,http://lol.esportswikis.com/wiki/Samsung,,,https://www.facebook.com/ssgalaxyteam,,
AHQ,3,AHQ E-SPORTS CLUB,Ziv,BayBay / Mountain,Westdoor / Chawy,AN / RD,Albis,http://lol.esportswikis.com/wiki/Ahq_e-Sports_Club,http://www.ahqeclub.com/,,https://www.facebook.com/AhqESportsClub,,
TM,3,TEAM MIST,Rins,Benny,K,Breeze,Rain,http://lol.esportswikis.com/wiki/Team_Mist,,,https://www.facebook.com/TeamMist/,,
XG,3,EXTREME GAMERS,Nexus / Mist,YO,SuwaKo,LBB,SuKi,http://lol.esportswikis.com/wiki/EXtreme_Gamers,,,,,
FW,3,FLASH WOLVES,MMD,Karsa,Maple,NL,SwordArt,http://lol.esportswikis.com/wiki/Flash_Wolves,http://www.yoeflashwolves.com/,,https://www.facebook.com/FlashWolves,,
HKE,3,HONK KONG ESPORTS,MapleSnow,Dinter,Gear,Raison,Olleh,http://lol.esportswikis.com/wiki/Hong_Kong_Esports,,,http://www.facebook.com/HongKongEsports,,
M17,3,MACHI E-SPORTS,Bobo,Taizan,Apex,Dee,Dreamer,http://lol.esportswikis.com/wiki/TeamHopeLess,,,,,
MSE,3,MIDNIGHT SUN ESPORTS,Ninuo,Wulala,M1ssion,CorGi,SkuLL,http://lol.esportswikis.com/wiki/Midnight_Sun_Esports,,,,,
JT,3,J TEAM,Morning,REFRA1N,FoFo,Bebe,Jay,http://lol.esportswikis.com/wiki/J_Team,,,https://www.facebook.com/JTeam.club/,,
S04,4,SCHALKE 04,Steve,Gilius,Fox,MrRalleZ,Sprattel,http://lol.esportswikis.com/wiki/FC_Schalke_04_Esports,http://www.schalke04.de/,http://twitter.com/#!/S04Esports,http://www.facebook.com/S04eSports,,https://www.reddit.com/r/schalke
FNC,4,FNATIC,Kikis / Werlyb,Spirit,Febiven,Rekkles,YellowStar,http://lol.esportswikis.com/wiki/Fnatic,http://fnatic.com/,http://twitter.com/#!/fnatic,http://www.facebook.com/FnaticLoL/,http://www.youtube.com/user/fnaticTV/,https://www.reddit.com/r/fnatic
G2,4,GAMERS2,Expect,Trick,Perkz,Zven,Mithy,http://lol.esportswikis.com/wiki/Gamers2,http://www.gamers2.com/,http://twitter.com/#!/G2esports,https://www.facebook.com/FollowGamers2,http://www.youtube.com/FollowGamers2,https://www.reddit.com/r/G2eSports
GIA,4,GIANTS,SmittyJ,Maxlore,Night,Sonstar,Hustlin,http://lol.esportswikis.com/wiki/Giants_Gaming,http://www.giantsgaming.pro/,http://twitter.com/#!/GiantsGaming,https://www.facebook.com/GIANTSGaming,http://www.youtube.com/user/giantsgamingtv,
H2K,4,H2K GAMING,Odoamne,Jankos,Ryu,FORG1VEN / Freeze,Vander,http://lol.esportswikis.com/wiki/H2k-Gaming,http://www.h2k-gaming.eu/,http://twitter.com/#!/H2kEU,http://www.facebook.com/H2kGaming.EU,http://www.youtube.com/user/h2keu,https://www.reddit.com/r/h2kgaming
OG,4,ORIGEN,sOAZ,Amazing,PowerOfEvil,xPeke / Toaster,Hybrid,http://lol.esportswikis.com/wiki/Origen,http://www.origen.gg/,http://twitter.com/#!/Origengg,http://www.facebook.com/Origengg,https://www.youtube.com/channel/UCy5O2dabw0sbE9rFEgO8dJw/videos,https://www.reddit.com/r/Origen
ROC,4,ROCCAT,Parang,Memento / Airwaks,Betsy,Steelback,Raise,http://lol.esportswikis.com/wiki/Team_ROCCAT,http://team.roccat.org/,http://twitter.com/#!/ROCCAT,https://www.facebook.com/TEAMROCCAT,https://www.youtube.com/user/roccatstudios/featured,https://www.reddit.com/r/teamROCCAT
SPY,4,SPLYCE,Wunder,Trashy,Sencux,Kobbe,Mikyx,http://lol.esportswikis.com/wiki/Splyce,http://splyce.gg/,http://twitter.com/#!/SplycePro,http://www.facebook.com/splycepro,https://www.youtube.com/channel/UC30f1UTFNXfcGcrsojwOpSw,
UOL,4,UNICORNS OF LOVE,Vizicsacsi,Move,Exileh,Veritas,Hylissang,http://lol.esportswikis.com/wiki/Unicorns_Of_Love,http://unicornsoflove.eu/,https://twitter.com/UnicornsOfLove,https://www.facebook.com/UnicornsOfLove,https://www.youtube.com/channel/UCKe45PmvzzQTmh5-d1kJ-qg,https://www.reddit.com/r/UnicornsOfLove
VIT,4,VITALITY,Cabochard,Shook / Mightybear,Nukeduck,Police,kaSing,http://lol.esportswikis.com/wiki/Team_Vitality,http://www.team-vitality.fr/,http://twitter.com/#!/Team_Vitality,https://www.facebook.com/Team.Vitality.officiel,https://www.youtube.com/channel/UCgjhed4ZWlmC25hS4Sgs7gw,https://www.reddit.com/r/teamvitality
C9,5,CLOUD 9,Impact,Meteos,Jensen,Sneaky,Smoothie,http://lol.esportswikis.com/wiki/Cloud_9,http://www.cloud9.gg/,http://twitter.com/#!/Cloud9gg,https://www.facebook.com/cloud9gg,http://www.youtube.com/C9ggTV,https://www.reddit.com/r/Cloud9
CLG,5,COUNTER LOGIC GAMING,Darshan,Xmithie,HuHi,Stixxay,Aphromoo,http://lol.esportswikis.com/wiki/Counter_Logic_Gaming,http://clgaming.net/,http://twitter.com/#!/clgaming,http://facebook.com/CounterLogicGaming,http://youtube.com/user/CounterLogicGaming,https://www.reddit.com/r/CLG
APX,5,APEX GAMING,Ray,Shrimp,Keane,Apollo,Xpecial,http://lol.esportswikis.com/wiki/Apex_Gaming,http://www.apxgaming.com/,http://twitter.com/#!/apxgg,http://www.facebook.com/apxgg,http://www.youtube.com/channel/UCNGj8pHJfRm54xSsB1Ffhvw,
FOX,5,ECHO FOX,Kfo,Hard / Kez,Froggen,Keith,Big,http://lol.esportswikis.com/wiki/Echo_Fox,http://echofox.gg/,http://twitter.com/#!/echofoxgg,https://www.facebook.com/EchoFoxgg/,https://www.youtube.com/channel/UCNUKTjgmA5gPwrUYmdgfqvw,https://www.reddit.com/r/echofox
IMT,5,IMMORTALS,Huni,Reignover,Pobelter,WildTurtle,Adrian,http://lol.esportswikis.com/wiki/Immortals,http://immortals.gg/,http://twitter.com/#!/Immortals_gg,http://www.facebook.com/gg.Immortals,http://www.youtube.com/channel/UCHD3WOEBQkbfXvgPgmldT4g,https://www.reddit.com/r/immortals_gg
NRG,5,NRG ESPORTS,Quas,Santorin,GBM,Ohq,Kiwikid,http://lol.esportswikis.com/wiki/NRG_eSports,http://nrg.gg/,http://twitter.com/#!/lolNRG,https://www.facebook.com/lolNRG,https://www.youtube.com/channel/UCaXjGGAmLX-pn0Zv5wAYg9w,https://www.reddit.com/r/LoLNRG
NV,5,TEAM ENVYUS,Seraph,Procxin,Ninja,LOD / Nientonsoh,Hakuho,http://lol.esportswikis.com/wiki/Team_EnVyUs,http://www.teamenvyus.com/,http://twitter.com/#!/TeamEnVyUs,http://www.facebook.com/TeamEnVyUs,http://www.youtube.com/user/TeamEnVyUs,https://www.reddit.com/r/TeamEnVyUs/
P1,5,PHOENIX1,Zig / Brandini,Inori,Pirean / Slooshi,Mash,Gate,http://lol.esportswikis.com/wiki/Phoenix1,http://phoenix1.gg/,https://twitter.com/Phoenix1gg,https://www.facebook.com/phoenix1gg,https://www.facebook.com/phoenix1gg,https://www.reddit.com/r/phoenix1
TL,5,TEAM LIQUID,Lourlo,Dardoch,Fenix,Fabbbyyy / Jynthe,Matt,http://lol.esportswikis.com/wiki/Team_Liquid,http://www.liquidlegends.net/,http://twitter.com/#!/teamliquidlol,https://www.facebook.com/TeamLiquidLoL,https://www.youtube.com/user/teamliquidnet,https://www.reddit.com/r/liquidlegends
TSM,5,TEAM SOLOMID,Hauntzer,Svenskeren,Bjergsen,Doublelift,Biofrost,http://lol.esportswikis.com/wiki/Team_SoloMid,http://www.tsm.gg/,http://twitter.com/#!/TeamSoloMid,https://www.facebook.com/TSMPRO,http://www.youtube.com/user/SolomidDOTNet/,https://www.reddit.com/r/TeamSolomid
CNB,6,CNB ESPORTS CLUB,LEP,Minerva,TinOwns,pbo,Wos,http://lol.esportswikis.com/wiki/CNB_e-Sports_Club,http://mycnb.com.br/,http://twitter.com/#!/cnb_esc,http://www.facebook.com/CNB.eSc,http://www.youtube.com/user/CNBeSc,
G3X,6,G3NERATIONX,Zantins,Snowlz,Taeyeon,Skyer,Alocs,http://lol.esportswikis.com/wiki/G3nerationX,http://www.g3nerationx.com/,http://twitter.com/#!/g3nerationX,https://www.facebook.com/G3nerationx,,
INTZ,6,INTZ ESPORTS,Yang,Revolta,Tockers,micaO,Jockster,http://lol.esportswikis.com/wiki/INTZ_e-Sports,,https://twitter.com/INTZeSports,http://www.facebook.com/INTZeSports,https://www.youtube.com/user/INTZeSports,
OPK,6,OPERATION KINO,SkyBart,Zuao,Goku,Theusma,Professor,http://lol.esportswikis.com/wiki/Operation_Kino_e-Sports,http://www.operationkino.com.br/,http://twitter.com/#!/opkinoteam,https://www.facebook.com/operationkinoesports/,,
KBM,6,KABUM! E-SPORTS ORANGE,LEP,Minerva,TinOwns,Matsukaze,Ziriguidun,http://lol.esportswikis.com/wiki/KaBuM!_Orange,http://e-sports.kabum.com.br/,http://twitter.com/#!/KaBuMESports,https://www.facebook.com/KaBuM.eSports,,
KEYD,6,KEYD STARS,Robo,Turtle,Takeshi,esA ,Baiano,http://lol.esportswikis.com/wiki/Keyd_Stars,http://keyd.com.br/stars/,http://twitter.com/#!/KeydTeam,http://facebook.com/keydteam/,http://www.youtube.com/user/KeydTeam,
PAIN,6,PAIN GAMING,Mylon,SirT,Kami,brTT,Picoca,http://lol.esportswikis.com/wiki/PaiN_Gaming,http://www.paingaming.net/,http://twitter.com/#!/paiNGamingBR,http://facebook.com/paingamingbr/,http://youtube.com/paingamingg/,
RED,6,RED CANIDS,Ayel,Caos,Brucer,SacyR,Eryon,http://lol.esportswikis.com/wiki/RED_Canids,,https://twitter.com/REDCanids,https://www.facebook.com/REDCanids/,,
4N,OCE,TEAM 4NOT OCE,Apple,No jungler,Wilaris,Virne / Mine,Mathew / Elsa,http://lol.esportswikis.com/wiki/TEAM4NOT.OCE,http://4nothing.esportsify.com/,https://twitter.com/4NothingPro,https://www.facebook.com/team4not,,
AV,OCE,AVANT GARDE,Porky,Chelby,Kenste,Mazui,Junnie,http://lol.esportswikis.com/wiki/Avant_Garde,http://www.avantgaming.com.au/,http://twitter.com/#!/AvantGaming,https://www.facebook.com/avantgaming,http://www.youtube.com/AVANTCINEMA/,
CHF,OCE,CHIEFS ESPORTS CLUB,Swip3rR,Spookz,Swiffer,Raydere,Rosey,http://lol.esportswikis.com/wiki/The_Chiefs_eSports_Club,,http://twitter.com/#!/ChiefsESC,https://www.facebook.com/chiefsesc,https://www.youtube.com/user/ChiefsESC,
DW,OCE,DIRE WOLVES,Perfection,Soulstrikes,Sharp,k1ng,ChuffeR,http://lol.esportswikis.com/wiki/Dire_Wolves,http://dire-wolves.net/,http://twitter.com/#!/DireWolvesLoL,http://www.facebook.com/DireWolvesGaming,https://www.youtube.com/user/DireWolvesGaming,
IMM,OCE,TEAM IMMUNITY,JKSmithy,Zahe,Cheese,UberBro,Tgun,http://lol.esportswikis.com/wiki/Team_Immunity,http://team-immunity.com/,http://twitter.com/#!/Immunity_LoL,https://www.facebook.com/ImmunityLoL,,
LGC,OCE,LEGACY ESPORTS,Tally,Carbon,ChuChuZ,K1ng,Minkywhale,http://lol.esportswikis.com/wiki/Legacy_eSports,,http://www.twitter.com/LegacyOCE,https://www.facebook.com/LegacyEsportsLoL,,
RGO,OCE,RICH GANG,Rich Homie Dre,Huey,Chenyboy,Destiny,fenceboy,http://lol.esportswikis.com/wiki/Rich_Gang,,http://twitter.com/#!/RICHGANGoce,https://www.facebook.com/RichGangOceania,https://www.youtube.com/channel/UCmaqvfkMfwfhztezax5ZUzQ,
SF,OCE,SUDDEN FEAR,ChrisMisTrees,apink bomi2,ayy paps,Energizer,Broler,http://lol.esportswikis.com/wiki/Sudden_Fear,,https://twitter.com/TeamSuddenFear,https://www.facebook.com/TeamSuddenFear,,
[](#astralis-logo) Astralis,CSGO,ASTRALIS,[](#lang-dk) device,[](#lang-dk) dupreeh,[](#lang-dk) Xyp9x,[](#lang-dk) gla1ve,[](#lang-dk) karrigan,http://wiki.teamliquid.net/counterstrike/astralis,http://www.astralis.gg/,http://twitter.com/astralisgg,http://facebook.com/astralisgg,https://www.youtube.com/channel/UCcAT4ylQFMRuntX0B-ZRwtA,
[](#complexity-logo) compLexity,CSGO,COMPLEXITY,[](#lang-gb) Surreal,[](#lang-us) sancz,[](#lang-us) witmer,[](#lang-ca) androidx23,[](#lang-gb) dephh,http://wiki.teamliquid.net/counterstrike/CompLexity,http://www.complexitygaming.com/,https://twitter.com/compLexityLive,https://www.facebook.com/ComplexityGaming?_rdr=p,https://www.youtube.com/user/compLexityINSIDER,
[](#clg-logo) Counter Logic Gaming,CSGO,COUNTER LOGIC GAMING,[](#lang-us) tarik,[](#lang-us) koosta,[](#lang-us) reltuC,[](#lang-us) hazed,[](#lang-ba) pita,http://wiki.teamliquid.net/counterstrike/Counter_Logic_Gaming,http://clgaming.net/,http://twitter.com/clgaming,http://facebook.com/CounterLogicGaming,https://www.youtube.com/user/CounterLogicGaming/,
[](#cloud9-logo) Cloud9,CSGO,CLOUD 9,[](#lang-us) Stewie2K,[](#lang-us) Skadoodle,[](#lang-us) n0thing,[](#lang-ca) shroud,[](#lang-us) autimatic,http://wiki.teamliquid.net/counterstrike/Cloud9,http://cloud9.gg/,http://twitter.com/Cloud9,http://facebook.com/cloud9gg,http://www.youtube.com/C9ggTV,https://www.reddit.com/r/Cloud9
[](#dig-logo) Team Dignitas,CSGO,DIGNITAS,[](#lang-dk) cajunb,[](#lang-dk) k0nfig,[](#lang-no) RUBINO,[](#lang-dk) tenzki,[](#lang-dk) MSL,http://wiki.teamliquid.net/counterstrike/Team_Dignitas,http://team-dignitas.net/,http://twitter.com/teamdignitas,http://facebook.com/TeamDignitas,http://www.youtube.com/teamdignitas,
[](#envyus-logo) Team EnVyUs,CSGO,ENVYUS,[](#lang-fr) Happy,[](#lang-fr) kennyS,[](#lang-fr) NBK,[](#lang-fr) apEX,[](#lang-fr) DEVIL,http://wiki.teamliquid.net/counterstrike/Team_EnVyUs,http://teamenvyus.com/,http://twitter.com/TeamEnVyUs,https://www.facebook.com/TeamEnVyUs,https://www.youtube.com/user/TeamEnVyUs,
[](#lang-ru) Team Empire,CSGO,TEAM EMPIRE,[](#lang-by) CyberFocus,[](#lang-by) spaz,[](#lang-ru) electronic,[](#lang-ru) spiker,[](#lang-ua) kUcheR,http://wiki.teamliquid.net/counterstrike/Team_Empire,http://team.empire.gg/,https://twitter.com/team_empire,https://www.facebook.com/EmpireEsport,https://www.youtube.com/c/empireesport,
[](#echofox-logo) Echo Fox,CSGO,ECHO FOX,[](#lang-us) sgares,[](#lang-us) ryx,[](#lang-us) roca,[](#lang-us) ShahZaM,[](#lang-us) fREAKAZOiD,http://wiki.teamliquid.net/counterstrike/Echo_Fox,http://live.echofox.gg/,https://twitter.com/echofoxgg,https://www.facebook.com/EchoFoxgg/,https://www.youtube.com/c/echofoxgg,
[](#faze-logo) FaZe Clan,CSGO,FAZE CLAN,[](#lang-fr) kioShiMa,[](#lang-no) jkaem,[](#lang-dk) aizy,[](#lang-no) rain,[](#lang-fi) allu,http://wiki.teamliquid.net/counterstrike/FaZe_Clan,http://fazeclanstore.com/,http://twitter.com/FaZeClan,http://facebook.com/TheFaZeClan,http://www.youtube.com/FaZeClan,
[](#f3-logo) Flipsid3 Tactics,CSGO,FLIPSID3 TACTICS,[](#lang-ru) WorldEdit,[](#lang-fi) wayLander,[](#lang-ua) markeloff,[](#lang-ua) Shara,[](#lang-ua) B1ad3,http://wiki.teamliquid.net/counterstrike/Flipsid3_Tactics,http://www.flipsidetactics.com/,http://twitter.com/flipsid3tactics,http://facebook.com/flipsid3tactics,http://www.youtube.com/flipsid3tactics,
[](#fnatic-logo) Fnatic,CSGO,FNATIC,[](#lang-se) olofmeister,[](#lang-se) twist,[](#lang-se) Lekr0,[](#lang-se) dennis,[](#lang-se) wenton,http://wiki.teamliquid.net/counterstrike/Fnatic ,http://www.fnatic.com/,http://twitter.com/fnatic,http://facebook.com/fnatic,http://www.youtube.com/fnatictv,
[](#hr-logo) Hellraisers,CSGO,HELLRAISERS,[](#lang-cz) oskar,[](#lang-sk) STYKO,[](#lang-ua) bondik,[](#lang-sk) Zero,[](#lang-ua) ANGE1,http://wiki.teamliquid.net/counterstrike/HellRaisers ,http://www.hellraisers.pro/,http://twitter.com/hrcsgo,http://facebook.com/hrcsgo,http://www.youtube.com/hrcsgo,
[](#immortals-logo) Immortals,CSGO,IMMORTALS,[](#lang-br) boltz,[](#lang-br) felps,[](#lang-br) hen1,[](#lang-br) lucas1,[](#lang-br) zews,http://wiki.teamliquid.net/counterstrike/Immortals,http://immortals.gg/,https://twitter.com/immortals_gg,https://www.facebook.com/gg.Immortals,https://www.youtube.com/channel/UCHD3WOEBQkbfXvgPgmldT4g,
[](#immunity-logo) Team Immunity,CSGO,IMMUNITY,[](#lang-au) MoeycQ,[](#lang-au) Rickeh,[](#lang-au) emagine,[](#lang-au) James,[](#lang-au) zewsy,http://wiki.teamliquid.net/counterstrike/Team_Immunity,http://team-immunity.com/,http://twitter.com/teamimmunity,http://facebook.com/teamimmunity,https://www.youtube.com/user/TeamImmunityIntel,
[](#gambit-logo) Gambit Gaming,CSGO,GAMBIT GAMING,[](#lang-kz) mou,[](#lang-kz) AdreN,[](#lang-ru) Dosia,[](#lang-ru) hooch,[](#lang-ru) spaze,http://wiki.teamliquid.net/counterstrike/Gambit_Gaming,http://gambit.gg/,https://twitter.com/GambitEsports,https://www.facebook.com/GambitEsports,https://www.youtube.com/user/GambitEsports,
[](#godsent-logo) GODSENT,CSGO,GODSENT,[](#lang-se) JW,[](#lang-se) znajder,[](#lang-se) pronax,[](#lang-se) flusha,[](#lang-se) KRIMZ,http://wiki.teamliquid.net/counterstrike/GODSENT,http://godsent.gg/,https://twitter.com/godsentgg,https://www.facebook.com/GODSENTgg/,,
[](#g2-logo) G2 Esports,CSGO,G2 ESPORTS,[](#lang-fr) shox,[](#lang-be) ScreaM,[](#lang-fr) RpK,[](#lang-fr) bodyy,[](#lang-fr) SmithZz,http://wiki.teamliquid.net/counterstrike/G2_Esports,http://www.g2esports.com/,https://twitter.com/G2esports,https://www.facebook.com/G2esports/,https://www.youtube.com/user/FollowGamers2,
[](#kinguin-logo) Team Kinguin,CSGO,KINGUIN,[](#lang-pl) innocent,[](#lang-pl) SZPERO,[](#lang-pl) MICHU,[](#lang-pl) mouz,[](#lang-pl) MINISE,http://wiki.teamliquid.net/counterstrike/Lounge_Gaming,http://lounge.gg/,https://twitter.com/LoungeGG,https://www.facebook.com/loungegg,,
[](#tl-logo) Team Liquid,CSGO,LIQUID,[](#lang-us) nitr0,[](#lang-us) EliGE,[](#lang-us) jdm64,[](#lang-us) Hiko,[](#lang-dk) Pimp,http://wiki.teamliquid.net/counterstrike/Team_Liquid,http://www.teamliquidpro.com/,https://twitter.com/teamliquidpro,http://facebook.com/teamliquidpro,https://www.youtube.com/channel/UCLSWNf28X3mVTxTT3_nLCcw,
[](#lg-logo) Luminosity,CSGO,LUMINOSITY GAMING,[](#lang-br) BIT,[](#lang-br) desinyy,[](#lang-br) nak,[](#lang-br) PKL,[](#lang-br) yeL,http://wiki.teamliquid.net/counterstrike/Luminosity_Gaming,http://www.luminosity.gg/,https://twitter.com/luminositygg,https://www.facebook.com/LGCSGO,https://www.youtube.com/c/luminositygaming,
[](#mongolz-logo) The MongolZ,CSGO,MONGOLZ,[](#lang-mn) zilkenberg,[](#lang-mn) tsogoo,[](#lang-mn) dobu,,,http://wiki.teamliquid.net/counterstrike/The_MongolZ,,https://twitter.com/MongolzCs,https://www.facebook.com/TheMongolZ,,
[](#msports-logo) mousesports,CSGO,MOUSESPORTS,[](#lang-ba) NiKo,[](#lang-de) nex,[](#lang-nl) chrisJ,[](#lang-de) Spiidi,[](#lang-de) denis,http://wiki.teamliquid.net/counterstrike/Mousesports,http://www.mousesports.com/,https://twitter.com/mousesports,https://www.facebook.com/mousesports,,
[](#navi-logo) Natus Vincere,CSGO,NATUS VINCERE,[](#lang-sk) GuardiaN,[](#lang-ru) flamie,[](#lang-ru) seized,[](#lang-ua) s1mple,[](#lang-ua) Edward,http://wiki.teamliquid.net/counterstrike/Natus_Vincere,http://navi-gaming.com/,http://twitter.com/natusvincere,http://facebook.com/NatusVincere,https://www.youtube.com/channel/UC5V-Uv0eUg0Fby0v13luULw,
[](#nip-logo) Ninjas in Pyjamas,CSGO,NINJAS IN PYJAMAS,[](#lang-se) f0rest,[](#lang-se) GeT_RiGhT,[](#lang-se) friberg,[](#lang-se) Xizt,[](#lang-se) pyth,http://wiki.teamliquid.net/counterstrike/Ninjas_in_Pyjamas,http://www.nip.gl/,http://twitter.com/NiPGaming,http://facebook.com/NipGaming,https://www.youtube.com/user/NiPGamingOfficial,
[](#nrg-logo) NRG,CSGO,NRG ESPORTS,[](#lang-us) ptr,[](#lang-de) tabseN,[](#lang-rs) LEGIJA,[](#lang-us) FugLy,[](#lang-de) gob b,http://wiki.teamliquid.net/counterstrike/NRG_eSports,http://nrg.gg/,https://twitter.com/lolNRG,http://facebook.com/lolNRG,https://www.youtube.com/UCaXjGGAmLX-pn0Zv5wAYg9w,
[](#optic-logo) OpTic Gaming,CSGO,OPTIC GAMING,[](#lang-us) RUSH,[](#lang-ca) NAF-FLY,[](#lang-ca) stanislaw,[](#lang-es) mixwell,[](#lang-ca) daps,http://wiki.teamliquid.net/counterstrike/OpTic_Gaming,http://optic.tv/,https://twitter.com/opticgaming,https://www.facebook.com/opticnation,https://www.youtube.com/user/OpTicNation,
[](#renegades-logo) Renegades,CSGO,RENEGADES,[](#lang-au) jks,[](#lang-au) AZR,[](#lang-au) USTILO,[](#lang-au) yam,[](#lang-au) Rickeh,http://wiki.teamliquid.net/counterstrike/Renegades,http://renegades.gg/,https://twitter.com/renegades,,,
[](#lang-us) Selfless,CSGO,SELFLESS GAMING,[](#lang-us) mitch,[](#lang-us) MAiNLiNE,[](#lang-us) Relyks,[](#lang-ca) CoNnOrRr93 ,[](#lang-us) Nifty,http://wiki.teamliquid.net/counterstrike/Selfless_Gaming,http://selfless.gg/,https://twitter.com/SelflessGG,,,
[](#sk-logo) SK Gaming,CSGO,SK GAMING,[](#lang-br) coldzera,[](#lang-br) FalleN,[](#lang-br) fnx,[](#lang-br) fer,[](#lang-br) TACO,http://wiki.teamliquid.net/counterstrike/SK_Gaming,http://www.sk-gaming.com/,https://twitter.com/SKGaming,https://www.facebook.com/SKGaming,https://www.youtube.com/user/SKGaming,
[](#splyce-logo) Splyce,CSGO,SPLYCE,[](#lang-us) arya,[](#lang-us) abE,[](#lang-dk) AcilioN,[](#lang-nl) CRUC1AL,[](#lang-mn) Machinegun,http://wiki.teamliquid.net/counterstrike/Splyce,https://splyce.gg/proteam,https://twitter.com/SplycePro,https://www.facebook.com/splycegg,,
[](#tsm-logo) Team SoloMid,CSGO,TEAM SOLOMID,[](#lang-ca) Semphis,[](#lang-ca) FNS,[](#lang-us) autimatic,[](#lang-ca) Twistzz,[](#lang-us) SicK,http://wiki.teamliquid.net/counterstrike/Team_SoloMid,http://www.tsm.gg/,http://twitter.com/TeamSoloMid,http://facebook.com/TSMPRO,http://www.youtube.com/SolomidDOTNet,
[](#tyloo-logo) TyLoo,CSGO,TYLOO,[](#lang-cn) Mo,[](#lang-cn) DD,[](#lang-cn) fancy1,[](#lang-cn) somebody,[](#lang-cn) Attacker,http://wiki.teamliquid.net/counterstrike/TyLoo,http://www.tyloogaming.com/,,,,
[](#vexed-logo) Vexed Gaming,CSGO,VEXED,[](#lang-pl) rallen,[](#lang-pl) Furlan,[](#lang-pl) repo,[](#lang-pl) GruBy,[](#lang-pl) oskarish,http://wiki.teamliquid.net/counterstrike/Vexed_Gaming,http://www.vexedgaming.com/,https://twitter.com/vexed_gg,https://www.facebook.com/vexedgg,,
[](#vp-logo) Virtus.pro,CSGO,VIRTUS PRO,[](#lang-pl) Snax,[](#lang-pl) NEO,[](#lang-pl) pasha,[](#lang-pl) byali,[](#lang-pl) TaZ,http://wiki.teamliquid.net/counterstrike/Virtus.pro,http://virtus.pro/,http://twitter.com/TeamVirtuspro,http://facebook.com/www.virtus.pro,http://www.youtube.com/TeamVirtuspro,
[](#yp-logo) YouPorn,CSGO,YOUPORN,[](#lang-pl) innocent,[](#lang-pl) SZPERO,[](#lang-ru) DavCost,[](#lang-ru) kibaken,[](#lang-ua) arch,http://wiki.teamliquid.net/counterstrike/Team_YP,http://www.teamyp.com/,https://twitter.com/TeamYPOfficial,https://www.facebook.com/TeamYPOfficial,https://www.youtube.com/channel/UCdjEiVHei-XuxQF21Y0XnNQ,
7H,JP,7TH HEAVEN,Evi,Awaker,Shinmori,Moyashi,ThintoN,http://lol.esportswikis.com/wiki/7th_heaven,7h-lol.com,https://twitter.com/7th_heaven_lol,,,
DFM,JP,DETONATION FOCUSME,Yutapon,DayDream,Ceros,Hikari,viviD,http://lol.esportswikis.com/wiki/DetonatioN_FocusMe,http://team-detonation.net/,http://twitter.com/#!/team_detonation,https://www.facebook.com/GamingTeam.DetonatioN,,
RPG,JP,RAMPAGE,Paz,Tussle,Roki,Meron,Dara,http://lol.esportswikis.com/wiki/Ozone_Rampage,http://lolrampage.snappages.com/,http://twitter.com/#!/JapanRampage,,,
USG,JP,UNSOLD STUFF GAMING,apaMEN,Isurugi,Clockday,Haretti,Enty,http://lol.esportswikis.com/wiki/Unsold_Stuff_Gaming,http://www.unsoldstuffgaming.com/,http://twitter.com/#!/UnsoldStuff,,,
RJ,JP,RASCAL JESTER,Cogcog,GalB,Hwang,Rkp1,Corn,http://lol.esportswikis.com/wiki/Rascal_Jester,http://rascaljester.com/,http://twitter.com/#!/RascalJester,,,
TBE,JP,TEAM BLACKEYE,Arfoad,Serick,Alps,RhythmAsalt,Yoshiaki,http://lol.esportswikis.com/wiki/Team_BlackEye,http://www.teamblackeye.com/,http://twitter.com/#!/teamblackeye,http://www.facebook.com/TeamBlackEye,,
CTU,KRCS,CTU PATHOS,Mimic/Befree,Dokgo,Mangchi,GAP,Mocha,http://lol.esportswikis.com/wiki/CTU_Pathos,,,,,
ESC,KRCS,ESC EVER,Crazy,Bless,Tempt,Loken,Key/Totoro,http://lol.esportswikis.com/wiki/Ever,,,,,
WNS,KRCS,WINNERS,HoneyTeng,Murphy,Night,GankZero,Bogku,http://lol.esportswikis.com/wiki/Winners,,,,,
YB,KRCS,YOUNG BOSS,Hipo,Beggar,19,Kramer,Nonstop/Hide,http://lol.esportswikis.com/wiki/Young_Boss,,,,,
BRL,LAN,BRAWL LAN,Fearless,DevilFenix,Torrasque,Ralso,Rhopercy,http://lol.esportswikis.com/wiki/BrawL.LAN,http://www.brawl.com.mx/,http://twitter.com/#!/BrawLMx,https://www.facebook.com/BrawLMx/,,
D9,LAN,DASH9 GAMING,Jirall,Oddie,Sogo,4zeer0,Kraki,http://lol.esportswikis.com/wiki/Dash9_Gaming,http://dash9gaming.net/,http://twitter.com/#!/Dash9Gaming,http://www.facebook.com/Dash9Gaming,http://www.youtube.com/channel/UCI0ixVTQbmxnIRWYn0yaa4Q,
GG,LAN,GAMING GAMING,UrekMazino,Don Cholo,iLove,1an,Sky,http://lol.esportswikis.com/wiki/Gaming_Gaming,,,https://www.facebook.com/gamingamingaming,,
LYN,LAN,LYON GAMING,Jirall,Oddie,Seeiya,Whitelotus,Arce,http://lol.esportswikis.com/wiki/Lyon_Gaming,http://www.lyongaming.com/,http://twitter.com/#!/LyonGamingLA,http://facebook.com/LyonGamingLA/,https://www.youtube.com/user/LyonGamingTV,
RVG,LAN,REVENGE ESPORTS,Guishe,Kenny,rhOm,Iruga,NoLimit,http://lol.esportswikis.com/wiki/Revenge_eSports,https://www.facebook.com/rvg.lol,,https://www.facebook.com/rvg.lol,,
TESLA,LAN,TESLA GAMING,xSWRD,Desyah,irvintaype,Zeypher,Axkhan,http://lol.esportswikis.com/wiki/Tesla_Gaming,,,http://www.facebook.com/pages/Tesla-Gaming/307445902713730,,
BEN,LAS,BENCHEADOS,Vendetta,Rowlio,Bravo,Focho,Baws,http://lol.esportswikis.com/wiki/Bencheados,,,https://www.facebook.com/bencheadosdeklg/,,
CHI,LAS,CHILEANFIVE,Ankorr,iBreak,Raegast,Gatocrack,Ominator,http://lol.esportswikis.com/wiki/ChiLeanFivE,,,https://www.facebook.com/ChiLeanFivE,,
FUR,LAS,FURIOUS GAMING,Accelerator,Gonto,Uri,Prodigy,Mettaz,http://lol.esportswikis.com/wiki/Furious_Gaming,http://www.fgteam.net/,http://twitter.com/#!/FuriousGamingAR,https://www.facebook.com/FuriousGamingTeam,,
KLG,LAS,KAOS LATIN GAMERS,Helior,Juliostito,El Reginaldo,ZeicrØ,BearJew,http://lol.esportswikis.com/wiki/Kaos_Latin_Gamers,http://kaoslatingamers.com/,,https://www.facebook.com/kaoslatingamers,,
LK,LAS,LAST KINGS,Nipphu,God,Gos,WhiteLotus,Primo,http://lol.esportswikis.com/wiki/Last_Kings,,,https://www.facebook.com/pages/Last-Kings-LK/318746508319336,https://www.youtube.com/channel/UC_oYC339e8gqUCJLkTL_qgA,
RB,LAS,REBIRTH ESPORTS FATE,Relenus,Quaker,AkMu,Zealot,Slow,http://lol.esportswikis.com/wiki/Rebirth_eSports_Fate,http://www.rebirth-esports.com/,http://twitter.com/#!/Rebirthe_Sports,https://www.facebook.com/rebirth.esports,https://www.youtube.com/channel/UCwafBx0LNOjyqleNyQ91A_A,
269,SEA,ZOTAC 269,Crom,Sacrifice,Beyond,Celebrity,Destroy,http://lol.esportswikis.com/wiki/269_Gaming,,,,,
APU,SEA,AN PHAT ULTIMATE,Ness,Tarzan,Lucifer,BeeOne,Tear,http://lol.esportswikis.com/wiki/Ultimate,,,,,
ASF,SEA,ASUS IMBAFATE,Slay,MeoU,Jinky,Lysna,Akiho,http://lol.esportswikis.com/wiki/Fate_Team,,,,,
BKT,SEA,BANGKOK TITANS,WarL0cK,007x,G4,Lloyd,Moss,http://lol.esportswikis.com/wiki/Bangkok_Titans,http://www.bangkoktitans.com/,,http://www.facebook.com/BangkokTitans,http://www.youtube.com/user/bangkoktitans,
BM,SEA,BOBA MARINES,Archie,Tik,QTV,Optimus,Junie,http://lol.esportswikis.com/wiki/Boba_Marines,,,http://www.facebook.com/bobamarines,,
GFL,SEA,GIGABYTE FULL LOUIS,Violet,SofM,KoW 1,Shynn,Scaryy,http://lol.esportswikis.com/wiki/Full_Louis,http://fulllouis.com/,,http://www.facebook.com/FullLouis.lmht,,
IFIN,SEA,TEAM INFINITE,Renrin,Cherie,Fl2oSty,Oppa,Hobbitz,http://lol.esportswikis.com/wiki/Team_Infinite,,,,,
IGL,SEA,INSIDIOUS GAMING LEGENDS,LY4,HarLeLuYaR,Rune,Valkryie,Rapier,http://lol.esportswikis.com/wiki/Insidious_Gaming,http://insidiousgaming.sg/,http://twitter.com/#!/Insidious_G,https://www.facebook.com/isgamingnet,,
J2G,SEA,JAKARTA JUGGERNAUTS,Luffy,TwoJ,Pokka,Rofens,Cruzher,http://lol.esportswikis.com/wiki/Jakarta_Juggernauts,,,,,
KLH,SEA,KUALA LUMPUR HUNTERS,13Ghost,MooN,OzoraVeki,JaeYoong,QaspieL,http://lol.esportswikis.com/wiki/Kuala_Lumpur_Hunters,,,,,
KTB,SEA,TEAM KTHXBAI,SwaGz,Stray,Xare,Ribena,Camou,http://lol.esportswikis.com/wiki/Team_KTHXBAI,,,,,
MSGP,SEA,MINESKI.GLOBE,Tgee,Kulit,Yume,Exo,Noel,http://lol.esportswikis.com/wiki/Mineski,,,,,
SAJ,SEA,SAIGON JOKERS,Auzeze,Jinkey,Lovida,Minas,Tsu,http://lol.esportswikis.com/wiki/Saigon_Jokers,http://saigonjokers.vn/,,http://www.facebook.com/SaigonJokers,,
SF5,SEA,SAIGON FANTASTIC FIVE,Row,Sena,Lovida,Tartarus,Sunny,http://lol.esportswikis.com/wiki/Saigon_Fantastic_Five,,,https://www.facebook.com/SaigonFantasticFive,,
TFR,SEA,TEAM FAT RABBIT,JOKE BOT,NewNorth,PandaPaws,PessChap,CrazyPine,http://lol.esportswikis.com/wiki/Team_Fat_Rabbit,,,,,
WG,SEA,GAMEX WARGODS,JLC,Skill,Otchie,VYY,Stronger,http://lol.esportswikis.com/wiki/Wargods,,,,,
ZOT,SEA,ZOTAC UNITED,Alusssula,Exo,Henry,SAD,BaRoIBeO,http://lol.esportswikis.com/wiki/ZOTAC_United,,,,,
AUR,TR,TEAM AURORA,Hioss,Kanani,Avenuee,DarkSide,Zergsting,http://lol.esportswikis.com/wiki/Team_AURORA,,,,,
BJK,TR,BEŞIKTAŞ ESPORTS CLUB,Scarface,Kadir,Immortoru,Sedrion,rogu,http://lol.esportswikis.com/wiki/Be%C5%9Fikta%C5%9F_e-Sports_Club,http://www.bjk.com.tr/tr,,https://www.facebook.com/BesiktasEspor,,
CLK,TR,ÇİLEKLER,Panky,Astarte,LEYL Ü NEHAR,Madness,Cognac,http://lol.esportswikis.com/wiki/%C3%87%C4%B0LEKLER,,,,,
DP,TR,DARK PASSAGE,Elwind,Xerxe,Caps,Zeitnot,Rogu,http://lol.esportswikis.com/wiki/Dark_Passage,http://www.dp-gaming.org/,http://twitter.com/#!/dpgaming,http://facebook.com/dpgaming/,http://www.youtube.com/darkpassagemedia,
HWA,TR,HWA GAMING,Marshall / fabulous,Trix,GodBro / Hatrixx,HolyPhoenix,Visdom,http://lol.esportswikis.com/wiki/HWA_Gaming,http://www.hwa.com.tr/hwagaming/,http://twitter.com/#!/HWAGaming,https://www.facebook.com/HardwarenaGaming,http://youtube.com/hwagamingtv,
NR1,TR,NUMBERONE ESPORTS,Aprox,KonDziSan,Elysion,KillerEs,Rydle,http://lol.esportswikis.com/wiki/NumberOne_Esports,,http://twitter.com/#!/LoLNR1,http://www.facebook.com/NR1EsportsClub/timeline,,
TT,TR,TEAM TURQUALITY,Fencer,Reach,LongB,Kazze,Un1tback,http://lol.esportswikis.com/wiki/Team_Turquality,http://espor.teamturquality.com/index.html,http://twitter.com/#!/teamturquality,http://www.facebook.com/teamturquality/,http://www.youtube.com/user/teamturqualityTV/,
SUP,TR,SUPERMASSIVE ESPORTS,fabFabulous/Thaldrin,Stomaged,Naru,Nardeus/Achuu Çöp,Dumbledoge,http://lol.esportswikis.com/wiki/SuperMassive_eSports,,http://twitter.com/#!/supmass,https://www.facebook.com/supmass/,,
MSU,NA-ULOL,MICHIGAN STATE UNIVERSITY,Dynasty,Indian Mama,BehindTheDoor,Vanilla Salt,Rypoo,,,,,,
OSU,NA-ULOL,THE OHIO STATE UNIVERSITY,Ahrun1,Nexevis,Periodot,Strategical,Baconseeker,,,,,,
UBC,NA-ULOL,UNIVERSITY OF BRITISH COLUMBIA,DaiJurJur,ProofOfPayment,BobqinXD,Heat Waves,734,,,,,,
GT,NA-ULOL,GEORGIA INSTITUTE OF TECHNOLOGY,Yook,Is That Hymn,Sunar,xFSN Saber,RiceFoxx,,,,,,
RMU,NA-ULOL,ROBERT MORRIS UNIVERSITY,West,Pomi,Gillette,EvanRL,Minibestia,,,,,,
UMD,NA-ULOL,UNIVERSITY OF MARYLAND,Tahx,Yami,White,Lutano,BustiDice,,,,,,
HMA,EUCS,TEAM HUMA,Jwaow,Impaler,Caedrel,Krislund,Wendelbo,http://lol.esportswikis.com/wiki/Huma,http://www.teamhuma.com/,https://twitter.com/@TeamHumaGG,https://www.facebook.com/HumaGG/,,
MSF,EUCS,MISFITS,Alphari,Lamabear / Wisdom,Selfie,Hans sama / Yuuki60,IgNar / Dreams ,http://lol.esportswikis.com/wiki/Misfits_(European_Team),,https://twitter.com/MisfitsGG,https://www.facebook.com/Misfitsgg-251082535251594/,,
EPS,EUCS,EPSILON ESPORTS,Satorius,Kirei,CozQ / Sebekx,Woolite,NoXiaK / Michai,http://lol.esportswikis.com/wiki/Epsilon_eSports,http://www.epsilon-esports.com/,https://twitter.com/Epsilon_eSports,https://www.facebook.com/epsilonesports,,
MIL,EUCS,MILLENIUM,Kaze,Djoko,Pretty,Tabzz,masterwork,http://lol.esportswikis.com/wiki/Millenium,http://www.millenium.org/,https://twitter.com/Millenium,https://www.facebook.com/millenium.org/,https://www.youtube.com/user/MilleniumVOD,
NRV,EUCS,NERV,N/A,N/A,Ulfren,Upset,SirNukesAlot / wewillfailer,http://lol.esportswikis.com/wiki/Nerv,,https://twitter.com/NRVesports,https://www.facebook.com/NERVesports,,
4G,EUCS,TEAM FORGE,Mimic,Taikki,Eika / Jiikuzé,GAP / Guilty,Hiiva,http://lol.esportswikis.com/wiki/Team_Forge,http://www.teamforge.gg/,https://twitter.com/teamforgegg,https://www.facebook.com/teamforgegg/,,
APP,NACS,APEX PRIDE,Cris,Diamondprox,Shiptur,Roar,KonKwon,http://lol.esportswikis.com/wiki/Apex_Pride,http://www.apxgaming.com/,https://twitter.com/apxgg,https://www.facebook.com/apxgg,https://www.youtube.com/channel/UCNGj8pHJfRm54xSsB1Ffhvw,
C9C,NACS,CLOUD 9 CHALLENGER,Balls,Contractz,Hai,Altec,LemonNation,http://lol.esportswikis.com/wiki/Cloud9_Challenger,http://cloud9.gg/,https://twitter.com/Cloud9,https://www.facebook.com/cloud9/,https://www.youtube.com/cloud9,https://www.reddit.com/r/cloud9
DT,NACS,DREAM TEAM,Chorong,Akaadian,Pekin Woof,Massacre,Norskeren / Bee Sin,http://lol.esportswikis.com/wiki/Dream_Team,http://www.dreamteam.gg/,https://twitter.com/DreamTeamGG,https://www.facebook.com/dreamteam.gg,,
ENX,NACS,EANIX,RF Legendary / k3soju,ShorterACE,Poppers OP ,deftly / Impactful,Bodydrop / Nisker,http://lol.esportswikis.com/wiki/Eanix,http://www.eanix.gg/,https://twitter.com/EanixGG,https://www.facebook.com/eanixgg,,
NVA,NACS,NOVA ESPORTS,Flaxxish,k0u / Beanpaste,Ablazeolive / Damonte,Rikara ,Trance / Ken,http://lol.esportswikis.com/wiki/Nova_eSports,,https://twitter.com/NovaEsportsGG,https://www.facebook.com/novaesportsgg,,
TLA,NACS,TEAM LIQUID ACADEMY,Solo,Moon,Goldenglue,Piglet,Stunt,http://lol.esportswikis.com/wiki/Team_Liquid_Academy,https://www.teamliquidpro.com/,https://twitter.com/teamliquidlol,https://www.facebook.com/TeamLiquidLoL,https://www.youtube.com/user/teamliquidnet,
VEG,LCL,Vega Squadron,NoNholy,Zanzarah,Drobovik123,XDSMILEY,Edward,http://lol.esportswikis.com/wiki/Vega_Squadron,http://vega-squadron.com/,https://twitter.com/VegaSquadron,https://www.facebook.com/VegaSquadronESports,https://www.youtube.com/channel/UC4JgHLXuvAEssNwXXNQbZeA,
ANX,LCL,Albus Nox Luna,Smurf,PvPStejos,Kira,aMiracle,Likkrit,http://lol.esportswikis.com/wiki/Albus_NoX_Luna,,,,,
JTH,LAN,Just Toys Havoks,Porky,LiquidDiego,DCStar,EvanRL,Minibestia,http://lol.esportswikis.com/wiki/Just_Toys_Havoks,http://havoksgaming.com/,http://twitter.com/#!/havoksgaming,http://www.facebook.com/HavoksGaming,,